combination_id,combination_label,recording,tracker_only_fps,cached_pipeline_fps,live_ros2_end_to_end_fps,yolo_latency_mean_ms,yolo_latency_p95_ms,lidar_latency_mean_ms,lidar_latency_p95_ms,tracking_latency_mean_ms,tracking_latency_p95_ms,live_processed_outputs,live_measurement_duration_s,live_status
S1,G YOLO + G SECOND,footpath1_p1_nj+mk+gl_1walk+check_mv_11_12_2024_1_label,,,13.010758,,,,,,,,,2x playback; 1/1 ok run(s)
S1,G YOLO + G SECOND,footpath1_p1_oj+mk+gl_1walk+check_st_11_12_2024_1_label,,,10.450441,,,,,,,,,2x playback; 1/1 ok run(s)
S1,G YOLO + G SECOND,in_straw_3pick_diff_st_10_24_2024_5_a_label,,,7.931299,,,,,,,,,2x playback; 1/1 ok run(s)
S1,G YOLO + G SECOND,out_straw_1push_1walk_1swap_st_11_07_2024_1_b_label,,,15.645888,,,,,,,,,2x playback; 1/1 ok run(s)
S1,G YOLO + G SECOND,out_vine_1push_3carry_st_ly_11_06_2024_1_label,,,13.52035,,,,,,,,,2x playback; 1/1 ok run(s)
S1,G YOLO + G SECOND,out_vine_4swap+walk_st_ly_11_06_2024_2_label,,,15.80204,,,,,,,,,2x playback; 1/1 ok run(s)
S2,FT YOLO + G SECOND,footpath1_p1_nj+mk+gl_1walk+check_mv_11_12_2024_1_label,,,12.399954,,,,,,,,,2x playback; 1/1 ok run(s)
S2,FT YOLO + G SECOND,footpath1_p1_oj+mk+gl_1walk+check_st_11_12_2024_1_label,,,11.330077,,,,,,,,,2x playback; 1/1 ok run(s)
S2,FT YOLO + G SECOND,in_straw_3pick_diff_st_10_24_2024_5_a_label,,,8.109434,,,,,,,,,2x playback; 1/1 ok run(s)
S2,FT YOLO + G SECOND,out_straw_1push_1walk_1swap_st_11_07_2024_1_b_label,,,13.437332,,,,,,,,,2x playback; 1/1 ok run(s)
S2,FT YOLO + G SECOND,out_vine_1push_3carry_st_ly_11_06_2024_1_label,,,13.939477,,,,,,,,,2x playback; 1/1 ok run(s)
S2,FT YOLO + G SECOND,out_vine_4swap+walk_st_ly_11_06_2024_2_label,,,14.413676,,,,,,,,,2x playback; 1/1 ok run(s)
S3,G YOLO + FT SECOND,footpath1_p1_nj+mk+gl_1walk+check_mv_11_12_2024_1_label,,,12.120055,,,,,,,,,2x playback; 1/1 ok run(s)
S3,G YOLO + FT SECOND,footpath1_p1_oj+mk+gl_1walk+check_st_11_12_2024_1_label,,,11.159695,,,,,,,,,2x playback; 1/1 ok run(s)
S3,G YOLO + FT SECOND,in_straw_3pick_diff_st_10_24_2024_5_a_label,,,7.922941,,,,,,,,,2x playback; 1/1 ok run(s)
S3,G YOLO + FT SECOND,out_straw_1push_1walk_1swap_st_11_07_2024_1_b_label,,,13.870943,,,,,,,,,2x playback; 1/1 ok run(s)
S3,G YOLO + FT SECOND,out_vine_1push_3carry_st_ly_11_06_2024_1_label,,,15.164833,,,,,,,,,2x playback; 1/1 ok run(s)
S3,G YOLO + FT SECOND,out_vine_4swap+walk_st_ly_11_06_2024_2_label,,,15.908906,,,,,,,,,2x playback; 1/1 ok run(s)
S4,FT YOLO + FT SECOND,footpath1_p1_nj+mk+gl_1walk+check_mv_11_12_2024_1_label,,,12.449668,,,,,,,,,2x playback; 1/1 ok run(s)
S4,FT YOLO + FT SECOND,footpath1_p1_oj+mk+gl_1walk+check_st_11_12_2024_1_label,,,11.171342,,,,,,,,,2x playback; 1/1 ok run(s)
S4,FT YOLO + FT SECOND,in_straw_3pick_diff_st_10_24_2024_5_a_label,,,8.085288,,,,,,,,,2x playback; 1/1 ok run(s)
S4,FT YOLO + FT SECOND,out_straw_1push_1walk_1swap_st_11_07_2024_1_b_label,,,13.385099,,,,,,,,,2x playback; 1/1 ok run(s)
S4,FT YOLO + FT SECOND,out_vine_1push_3carry_st_ly_11_06_2024_1_label,,,14.760698,,,,,,,,,2x playback; 1/1 ok run(s)
S4,FT YOLO + FT SECOND,out_vine_4swap+walk_st_ly_11_06_2024_2_label,,,14.732017,,,,,,,,,2x playback; 1/1 ok run(s)
P1,G YOLO + G PointPillars,footpath1_p1_nj+mk+gl_1walk+check_mv_11_12_2024_1_label,,,13.658706,,,,,,,,,2x playback; 1/1 ok run(s)
P1,G YOLO + G PointPillars,footpath1_p1_oj+mk+gl_1walk+check_st_11_12_2024_1_label,,,11.26136,,,,,,,,,2x playback; 1/1 ok run(s)
P1,G YOLO + G PointPillars,in_straw_3pick_diff_st_10_24_2024_5_a_label,,,7.893981,,,,,,,,,2x playback; 1/1 ok run(s)
P1,G YOLO + G PointPillars,out_straw_1push_1walk_1swap_st_11_07_2024_1_b_label,,,16.452382,,,,,,,,,2x playback; 1/1 ok run(s)
P1,G YOLO + G PointPillars,out_vine_1push_3carry_st_ly_11_06_2024_1_label,,,15.826159,,,,,,,,,2x playback; 1/1 ok run(s)
P1,G YOLO + G PointPillars,out_vine_4swap+walk_st_ly_11_06_2024_2_label,,,16.320961,,,,,,,,,2x playback; 1/1 ok run(s)
P2,FT YOLO + G PointPillars,footpath1_p1_nj+mk+gl_1walk+check_mv_11_12_2024_1_label,,,13.408981,,,,,,,,,2x playback; 1/1 ok run(s)
P2,FT YOLO + G PointPillars,footpath1_p1_oj+mk+gl_1walk+check_st_11_12_2024_1_label,,,12.0418,,,,,,,,,2x playback; 1/1 ok run(s)
P2,FT YOLO + G PointPillars,in_straw_3pick_diff_st_10_24_2024_5_a_label,,,8.13052,,,,,,,,,2x playback; 1/1 ok run(s)
P2,FT YOLO + G PointPillars,out_straw_1push_1walk_1swap_st_11_07_2024_1_b_label,,,15.894642,,,,,,,,,2x playback; 1/1 ok run(s)
P2,FT YOLO + G PointPillars,out_vine_1push_3carry_st_ly_11_06_2024_1_label,,,15.613799,,,,,,,,,2x playback; 1/1 ok run(s)
P2,FT YOLO + G PointPillars,out_vine_4swap+walk_st_ly_11_06_2024_2_label,,,15.164514,,,,,,,,,2x playback; 1/1 ok run(s)
P3,G YOLO + FT PointPillars,footpath1_p1_nj+mk+gl_1walk+check_mv_11_12_2024_1_label,,,11.7794,,,,,,,,,2x playback; 1/1 ok run(s)
P3,G YOLO + FT PointPillars,footpath1_p1_oj+mk+gl_1walk+check_st_11_12_2024_1_label,,,9.944757,,,,,,,,,2x playback; 1/1 ok run(s)
P3,G YOLO + FT PointPillars,in_straw_3pick_diff_st_10_24_2024_5_a_label,,,8.08251,,,,,,,,,2x playback; 1/1 ok run(s)
P3,G YOLO + FT PointPillars,out_straw_1push_1walk_1swap_st_11_07_2024_1_b_label,,,14.083194,,,,,,,,,2x playback; 1/1 ok run(s)
P3,G YOLO + FT PointPillars,out_vine_1push_3carry_st_ly_11_06_2024_1_label,,,15.045504,,,,,,,,,2x playback; 1/1 ok run(s)
P3,G YOLO + FT PointPillars,out_vine_4swap+walk_st_ly_11_06_2024_2_label,,,13.963727,,,,,,,,,2x playback; 1/1 ok run(s)
P4,FT YOLO + FT PointPillars,footpath1_p1_nj+mk+gl_1walk+check_mv_11_12_2024_1_label,,,12.263666,,,,,,,,,2x playback; 1/1 ok run(s)
P4,FT YOLO + FT PointPillars,footpath1_p1_oj+mk+gl_1walk+check_st_11_12_2024_1_label,,,10.402238,,,,,,,,,2x playback; 1/1 ok run(s)
P4,FT YOLO + FT PointPillars,in_straw_3pick_diff_st_10_24_2024_5_a_label,,,7.747268,,,,,,,,,2x playback; 1/1 ok run(s)
P4,FT YOLO + FT PointPillars,out_straw_1push_1walk_1swap_st_11_07_2024_1_b_label,,,12.719594,,,,,,,,,2x playback; 1/1 ok run(s)
P4,FT YOLO + FT PointPillars,out_vine_1push_3carry_st_ly_11_06_2024_1_label,,,15.996895,,,,,,,,,2x playback; 1/1 ok run(s)
P4,FT YOLO + FT PointPillars,out_vine_4swap+walk_st_ly_11_06_2024_2_label,,,13.729985,,,,,,,,,2x playback; 1/1 ok run(s)
