figure_number,filename,purpose,input_files,data_rows,script_used
01,figures/01_raw_zed_rgb_image.png,Raw selected ZED RGB image,/media/prabuddhi/Backup2/Updated Dataset_PW/dataset_part1/footpath1_p1_oj+mk+gl_1walk+check_st_11_12_2024_1_label/sensor_data/cam_zed_rgb/1731407186_779812459.png,footpath1_p1_oj+mk+gl_1walk+check_st_11_12_2024_1_label/1731407186_709929023,tools/create_late_fusion_visual_walkthrough.py
02,figures/02_raw_lidar_pointcloud.png,Raw Livox point cloud,/media/prabuddhi/Backup2/Updated Dataset_PW/dataset_part1/footpath1_p1_oj+mk+gl_1walk+check_st_11_12_2024_1_label/sensor_data/lidar/1731407186_709929023.pcd,footpath1_p1_oj+mk+gl_1walk+check_st_11_12_2024_1_label/1731407186_709929023,tools/create_late_fusion_visual_walkthrough.py
03,figures/03_yolo_detection.png,Fine-tuned YOLO detection on raw image,/home/prabuddhi/Desktop/late_fusion/deepfusionmot/results/aghri_pointpillars_detector_comparison/cache/yolo_finetuned/detections.csv,footpath1_p1_oj+mk+gl_1walk+check_st_11_12_2024_1_label/1731407186_709929023,tools/create_late_fusion_visual_walkthrough.py
04,figures/04_pointpillars_3d_detection.png,PointPillars 3D detection over point cloud,/home/prabuddhi/Desktop/late_fusion/deepfusionmot/results/aghri_pointpillars_detector_comparison/cache/pointpillars_finetuned/detections.csv,footpath1_p1_oj+mk+gl_1walk+check_st_11_12_2024_1_label/1731407186_709929023,tools/create_late_fusion_visual_walkthrough.py
05,figures/05_box_origin_convention.png,Box-origin convention explanation,/home/prabuddhi/Desktop/late_fusion/deepfusionmot/results/aghri_pointpillars_detector_comparison/cache/pointpillars_finetuned/detections.csv,footpath1_p1_oj+mk+gl_1walk+check_st_11_12_2024_1_label/1731407186_709929023,tools/create_late_fusion_visual_walkthrough.py
06,figures/06_eight_lidar_box_corners.png,Eight LiDAR-frame box corners,/home/prabuddhi/Desktop/late_fusion/deepfusionmot/results/aghri_pointpillars_detector_comparison/cache/pointpillars_finetuned/detections.csv,footpath1_p1_oj+mk+gl_1walk+check_st_11_12_2024_1_label/1731407186_709929023,tools/create_late_fusion_visual_walkthrough.py
07,figures/07_lidar_to_camera_transformation.png,Verified LiDAR-to-camera transform,/media/prabuddhi/Backup2/Updated Dataset_PW/calibration.zip,footpath1_p1_oj+mk+gl_1walk+check_st_11_12_2024_1_label/1731407186_709929023,tools/create_late_fusion_visual_walkthrough.py
08,figures/08_projected_cuboid_corners.png,Eight projected cuboid corners,/media/prabuddhi/Backup2/Updated Dataset_PW/calibration.zip,footpath1_p1_oj+mk+gl_1walk+check_st_11_12_2024_1_label/1731407186_709929023,tools/create_late_fusion_visual_walkthrough.py
09,figures/09_projected_3d_cuboid.png,Projected 3D cuboid against YOLO box,/media/prabuddhi/Backup2/Updated Dataset_PW/calibration.zip,footpath1_p1_oj+mk+gl_1walk+check_st_11_12_2024_1_label/1731407186_709929023,tools/create_late_fusion_visual_walkthrough.py
10,figures/10_projected_lidar_rectangle.png,Projected 2D LiDAR envelope and clipping,/media/prabuddhi/Backup2/Updated Dataset_PW/calibration.zip,footpath1_p1_oj+mk+gl_1walk+check_st_11_12_2024_1_label/1731407186_709929023,tools/create_late_fusion_visual_walkthrough.py
11,figures/11_iou_intersection.png,IoU intersection region visualisation,YOLO cache + PointPillars projection,footpath1_p1_oj+mk+gl_1walk+check_st_11_12_2024_1_label/1731407186_709929023,tools/create_late_fusion_visual_walkthrough.py
12,figures/12_iou_calculation.png,Numerical IoU calculation,Calculated geometry,footpath1_p1_oj+mk+gl_1walk+check_st_11_12_2024_1_label/1731407186_709929023,tools/create_late_fusion_visual_walkthrough.py
13,figures/13_match_decision.png,Late-fusion match decision,Calculated IoU + fixed threshold,footpath1_p1_oj+mk+gl_1walk+check_st_11_12_2024_1_label/1731407186_709929023,tools/create_late_fusion_visual_walkthrough.py
14,figures/14_fusion_outputs.png,Matched/unmatched output membership,Fusion per-frame result,footpath1_p1_oj+mk+gl_1walk+check_st_11_12_2024_1_label/1731407186_709929023,tools/create_late_fusion_visual_walkthrough.py
15,figures/15_final_fused_image.png,Final fused image-space output,YOLO cache + PointPillars projection,footpath1_p1_oj+mk+gl_1walk+check_st_11_12_2024_1_label/1731407186_709929023,tools/create_late_fusion_visual_walkthrough.py
16,figures/16_final_3d_fused_view.png,Final RViz-style 3D fused view,/media/prabuddhi/Backup2/Updated Dataset_PW/dataset_part1/footpath1_p1_oj+mk+gl_1walk+check_st_11_12_2024_1_label/sensor_data/lidar/1731407186_709929023.pcd,footpath1_p1_oj+mk+gl_1walk+check_st_11_12_2024_1_label/1731407186_709929023,tools/create_late_fusion_visual_walkthrough.py
17,figures/17_prediction_vs_ground_truth.png,Prediction versus ground truth evaluation,AGHRI annotation JSON,footpath1_p1_oj+mk+gl_1walk+check_st_11_12_2024_1_label/1731407186_709929023,tools/create_late_fusion_visual_walkthrough.py
18,figures/18_late_fusion_pipeline_flowchart.png,Complete late-fusion pipeline flowchart,Code/config review,footpath1_p1_oj+mk+gl_1walk+check_st_11_12_2024_1_label/1731407186_709929023,tools/create_late_fusion_visual_walkthrough.py
19,figures/19_offline_evaluation_workflow.png,Offline scientific evaluation workflow,Frozen detector caches,footpath1_p1_oj+mk+gl_1walk+check_st_11_12_2024_1_label/1731407186_709929023,tools/create_late_fusion_visual_walkthrough.py
20,figures/20_online_ros2_workflow.png,Fully online ROS 2 workflow,ROS launch/code review,footpath1_p1_oj+mk+gl_1walk+check_st_11_12_2024_1_label/1731407186_709929023,tools/create_late_fusion_visual_walkthrough.py
21,figures/21_early_vs_late_fusion.png,Early versus late fusion comparison,Early/late repo review,footpath1_p1_oj+mk+gl_1walk+check_st_11_12_2024_1_label/1731407186_709929023,tools/create_late_fusion_visual_walkthrough.py
22,figures/22_tracker_input_routing.png,Same-frame fusion outputs routed into tracker inputs,late_fusion_worked_calculation.json; existing walkthrough figures,footpath1_p1_oj+mk+gl_1walk+check_st_11_12_2024_1_label/1731407186_709929023,tools/create_late_fusion_tracking_walkthrough_extension.py
23,figures/23_matched_unmatched_routing_policy.png,Matched/unmatched branch policy for the selected frame,late_fusion_worked_calculation.json; existing walkthrough figures,footpath1_p1_oj+mk+gl_1walk+check_st_11_12_2024_1_label/1731407186_709929023,tools/create_late_fusion_tracking_walkthrough_extension.py
24,figures/24_deepfusionmot_association_on_frame.png,DeepFusionMOT association cascade applied to the selected frame,late_fusion_worked_calculation.json; existing walkthrough figures,footpath1_p1_oj+mk+gl_1walk+check_st_11_12_2024_1_label/1731407186_709929023,tools/create_late_fusion_tracking_walkthrough_extension.py
25,figures/25_tracker_state_after_update.png,Track state created or updated from the selected matched 3D detection,late_fusion_worked_calculation.json; existing walkthrough figures,footpath1_p1_oj+mk+gl_1walk+check_st_11_12_2024_1_label/1731407186_709929023,tools/create_late_fusion_tracking_walkthrough_extension.py
26,figures/26_next_frame_tracking_memory.png,How the selected-frame track state continues to the next frame,late_fusion_worked_calculation.json; existing walkthrough figures,footpath1_p1_oj+mk+gl_1walk+check_st_11_12_2024_1_label/1731407186_709929023,tools/create_late_fusion_tracking_walkthrough_extension.py
27,figures/27_complete_same_frame_tracking_flow.png,Complete same-frame flow from sensors to DeepFusionMOT track state,late_fusion_worked_calculation.json; existing walkthrough figures,footpath1_p1_oj+mk+gl_1walk+check_st_11_12_2024_1_label/1731407186_709929023,tools/create_late_fusion_tracking_walkthrough_extension.py
D1,figures/late_fusion_pipeline_diagram.png,Concise late-fusion diagram,Code/config review,footpath1_p1_oj+mk+gl_1walk+check_st_11_12_2024_1_label/1731407186_709929023,tools/create_late_fusion_visual_walkthrough.py
M1,figures/late_fusion_complete_workflow.png,Combined workflow image,Generated figures,footpath1_p1_oj+mk+gl_1walk+check_st_11_12_2024_1_label/1731407186_709929023,tools/create_late_fusion_visual_walkthrough.py
